{
  "b3_latencies": [
    19.818025999484234,
    9.553156000038143,
    8.758665000641486,
    8.830224000121234,
    8.607447000031243,
    8.84248399961507,
    8.671026998854359,
    8.605046999946353,
    8.624436999525642,
    8.620647000498138,
    8.641067001008196,
    8.707936000064365,
    8.652836000692332,
    8.66689599934034,
    8.796945001449785,
    8.674946000610362,
    8.563277000575908,
    8.82912499946542,
    8.602797001003637,
    8.645986999908928,
    8.701815999302198,
    8.457818999886513,
    8.635136999146198,
    8.586157000536332,
    8.554677000574884,
    8.615685999757261,
    8.549156998924445,
    8.604455999375205,
    8.81504399876576,
    8.65375600005791,
    8.509137998771621,
    8.666115998494206,
    8.674106000398751,
    8.62430699999095,
    8.722885999304708,
    8.688855999935186,
    8.623237001302186,
    8.857483999236138,
    9.111080998991383,
    9.155611000096542,
    8.58904699998675,
    8.525647999704233,
    9.07827199989697,
    8.53291800012812,
    8.699255999090383,
    8.506918000421138,
    8.986963001007098,
    8.650596000734367,
    8.560496999052702,
    8.688875999723678,
    8.725916000912548,
    8.551136999813025,
    8.607567000581184,
    8.569788000386325,
    8.59448700066423,
    8.884663999197073,
    8.531247000064468,
    8.661515999847325,
    8.689285999935237,
    8.567107000999385,
    8.471667999401689,
    9.13848100026371,
    8.667386000524857,
    8.872513999449438,
    8.55169799979194,
    8.780455000305665,
    8.633216000816901,
    8.606757000961807,
    8.53833799919812,
    8.595297000283608,
    8.623195999462041,
    8.58843700007128,
    8.958252999946126,
    8.513278000464197,
    8.516138001141371,
    8.513457998560625,
    8.566268001231947,
    8.615617000032216,
    8.683564999955706,
    8.659925999381812,
    8.645976000480005,
    8.633366000140086,
    8.931662998293177,
    8.74473499970918,
    8.791084999757004,
    8.63904600009846,
    8.45894799931557,
    8.610696000687312,
    8.600226999988081,
    8.638486999188899,
    8.747706000576727,
    8.66908599891758,
    8.540587999959826,
    8.559706999221817,
    8.553846999348025,
    8.570537000196055,
    8.616076000180328,
    8.60449699939636,
    8.563106999645242,
    8.848894000038854
  ],
  "b0_latencies": [
    10.458487000505556,
    9.32909900075174,
    6.2133730007190024,
    5.554769000809756,
    5.792726999061415,
    5.585709999650135,
    5.720477998693241,
    5.578648999289726,
    5.586480001511518,
    5.563579999943613,
    5.503741000211448,
    5.523269999684999,
    5.519940999874962,
    5.5232600007002475,
    5.46371999917028,
    5.316613000104553,
    5.526699998881668,
    5.456090999359731,
    5.344361999959801,
    5.408270999396336,
    5.543430001125671,
    5.3280730007827515,
    5.340022000382305,
    5.440830998850288,
    5.266493000817718,
    5.332782000550651,
    5.415460998847266,
    5.43981099872326,
    5.523210000319523,
    5.40401199941698,
    5.332491999070044,
    5.414541999925859,
    5.392741000832757,
    5.377871999371564,
    5.538479999813717,
    5.407542001194088,
    5.517850999240181,
    5.42164199941908,
    5.32210299934377,
    5.42177100032859,
    5.368322001231718,
    5.448031000923947,
    5.389191999711329,
    5.443922000267776,
    5.456011000205763,
    5.321242000718485,
    5.34894200063718,
    5.500420000316808,
    5.374291999032721,
    5.302903000483639,
    5.418171998826438,
    5.426992000138853,
    5.3798720000486355,
    5.52681100089103,
    5.501321000338066,
    5.335162999472232,
    6.010434999552672,
    5.418760998509242,
    5.484420000357204,
    5.404842000643839,
    5.447771000035573,
    5.326792999767349,
    5.329383000571397,
    5.406492000474827,
    5.511330000445014,
    5.317493001712137,
    5.331632999514113,
    5.342992999430862,
    5.327582999598235,
    5.346072000975255,
    5.387342000176432,
    5.331113001375343,
    5.4060120000940515,
    5.314763000569656,
    5.380951999541139,
    5.338682000001427,
    5.391781000071205,
    5.4659310007991735,
    5.440300999907777,
    5.400551999628078,
    5.490900999575388,
    5.66174800042063,
    5.487921000167262,
    5.705167999622063,
    5.349541999748908,
    5.585708999205963,
    5.33631199868978,
    5.45859100020607,
    5.392181999923196,
    5.258512999716913,
    5.274454000755213,
    5.3955809999024495,
    5.398051998781739,
    5.3981019991624635,
    5.363293001209968,
    5.39788099922589,
    5.708097998649464,
    5.412901999079622,
    5.46714099982637,
    5.536679998840555
  ],
  "b3_mean": 8.787834249942534,
  "b0_mean": 5.536342909963423,
  "b3_std": 1.1210272525908918,
  "b0_std": 0.6429611579466283
}